{
  "version": "1.0.2",
  "platformVersion": "9.5.0",
  "triggers": {
    "new_updated_leads": {
      "operation": {
        "perform": "$func$2$f$",
        "canPaginate": true,
        "type": "polling",
        "sample": {
          "id": "02000201-0e19-4108-941a-79de9884fb1b1630086386",
          "leadData": {
            "events": [
              {
                "name": "pageviewBatch",
                "value": {
                  "url": "https://zapier.com",
                  "language": "en-US",
                  "device": "desktop",
                  "browser": "Chrome 92.0 MacOSX Desktop"
                },
                "time": 1630086307
              }
            ],
            "fields": [
              {
                "name": "email",
                "value": "test@test.com",
                "time": 1630086307
              }
            ],
            "updated_time": 1630086386,
            "UUID": "02000201-0e19-4108-941a-79de9884fb1b"
          }
        }
      },
      "key": "new_updated_leads",
      "noun": "Lead",
      "display": {
        "label": "New or Updated UUID",
        "description": "Triggers when any UUID is created or updated. To learn more about how Confection handles UUIDs, visit https://confection.io/main/demo/#uuid.",
        "hidden": false
      }
    },
    "new_event": {
      "key": "new_event",
      "noun": "Event",
      "display": {
        "label": "New Event",
        "description": "Triggers when any UUID receives a value for a defined event name. The latest value as well a history of all values ever received for that event name will be returned."
      },
      "operation": {
        "perform": "$func$2$f$",
        "canPaginate": true,
        "type": "polling",
        "inputFields": [
          {
            "key": "eventName",
            "type": "string",
            "label": "Event Name",
            "helpText": "Provide the event name to watch. All accounts have 'loadtime' & 'pageviewBatch' events by default.",
            "required": true,
            "placeholder": "pageviewBatch",
            "list": false,
            "altersDynamicFields": false
          },
          {
            "key": "helpText",
            "type": "copy",
            "label": "Help Text",
            "helpText": "To learn more about sending custom events, please visit [https://confection.io/quick-start/zapier](https://confection.io/quick-start/zapier)"
          }
        ],
        "sample": {
          "id": "02000201-0e19-4108-941a-79de9884fb1b-1629143044",
          "event_data": {
            "updated_time": "1629143044",
            "value": {
              "url": "https://zapier.com",
              "language": "en-US",
              "device": "desktop",
              "browser": "Chrome 92.0 MacOSX Desktop"
            },
            "history": {
              "1": {
                "url": "https://zapier.com",
                "language": "en-US",
                "device": "desktop",
                "browser": "Chrome 92.0 MacOSX Desktop"
              }
            },
            "UUID": "02000201-0e19-4108-941a-79de9884fb1b"
          }
        }
      }
    },
    "new_field_value": {
      "key": "new_field_value",
      "noun": "Lead",
      "display": {
        "label": "New Lead",
        "description": "Triggers when a UUID is significant enough to be classified as a lead. You define the field of significance and if a UUID gets a value for this field, the zap will trigger."
      },
      "operation": {
        "perform": "$func$2$f$",
        "canPaginate": true,
        "type": "polling",
        "inputFields": [
          {
            "key": "triggerField",
            "type": "string",
            "label": "Field of Significance",
            "helpText": "Define a field to be used to indicate that a UUID is significant enough to be a lead. You must enter the form input name which Confection uses as the api name of the field.",
            "required": true,
            "default": "email",
            "list": false,
            "altersDynamicFields": false
          },
          {
            "key": "helpText",
            "type": "copy",
            "label": "Help Text",
            "helpText": "To learn more about how Confection manages fields, please visit [https://confection.io/quick-start/zapier](https://confection.io/quick-start/zapier)"
          }
        ],
        "sample": {
          "id": "02000201-0e19-4108-941a-79de9884fb1b-1629143044",
          "lead_data": {
            "updated_time": "1629143044",
            "value": "This is the value of the field that triggered the Zap!",
            "history": [
              "Any historical values for the field will end up here!"
            ],
            "UUID": "02000201-0e19-4108-941a-79de9884fb1b"
          }
        }
      }
    }
  },
  "authentication": {
    "type": "custom",
    "test": "$func$2$f$",
    "fields": [
      {
        "key": "description",
        "required": false,
        "type": "copy",
        "helpText": "Your API information can be found by going to the API Keys section in your account https://dashboard.confection.io/my-keys/. If you don't have an account, visit https://dashboard.confection.io/register to set one up."
      },
      {
        "computed": false,
        "key": "account_id",
        "required": true,
        "label": "Account Id",
        "type": "string"
      },
      {
        "computed": false,
        "key": "secret_key",
        "required": true,
        "label": "Secret Key",
        "type": "string"
      }
    ],
    "customConfig": {},
    "connectionLabel": "Confection Account {{bundle.authData.account_id}}"
  },
  "creates": {
    "get_UUID_details": {
      "operation": {
        "perform": "$func$2$f$",
        "inputFields": [
          {
            "key": "uuid",
            "label": "UUID",
            "type": "string",
            "required": true,
            "list": false,
            "altersDynamicFields": false
          }
        ],
        "sample": {
          "uuid": "02000201-0e13-4e08-a409-31561ba98a1a",
          "created_time": 1630333154,
          "ip": {
            "1630333154": "11.11.111.111"
          },
          "browser": "Chrome 92.0 MacOSX Desktop",
          "email": [
            "test@test.com"
          ],
          "fields": [
            {
              "name": "A field name",
              "value": "A field value",
              "time": 1630333185
            },
            {
              "name": "Another field name",
              "value": "Another field value",
              "time": 1630333185
            }
          ],
          "events": [
            {
              "name": "loadtime",
              "value": 5.553,
              "time": 1630333185
            },
            {
              "name": "pageviewBatch",
              "value": "{\"url\":\"https://app.letsgoconvert.com/nevis-mango-festival/\",\"language\":\"en-US\",\"device\":\"desktop\",\"browser\":\"Chrome 92.0 MacOSX Desktop\"}",
              "time": 1630333185
            }
          ]
        }
      },
      "key": "get_UUID_details",
      "noun": "UUID",
      "display": {
        "label": "Retrieve Full Details of UUID",
        "description": "This action will retrieve the full details of a specified UUID.",
        "hidden": false,
        "important": true
      }
    },
    "get_related_uuids_js": {
      "key": "get_related_uuids_js",
      "noun": "Get_related_uuids.js",
      "display": {
        "label": "Get All Related UUIDs",
        "description": "This action will retreive all UUIDs that have a likeness score of at least 50 (default) with the provided UUID. The likeness score can be customized in configuration."
      },
      "operation": {
        "perform": "$func$2$f$",
        "inputFields": [
          {
            "key": "uuid",
            "label": "UUID",
            "type": "string",
            "required": true,
            "list": false,
            "altersDynamicFields": false
          },
          {
            "key": "likeness",
            "label": "Likeness Score",
            "type": "integer",
            "required": false,
            "list": false,
            "altersDynamicFields": false,
            "helpText": "Accepts values 50 to 100. 100 meaning only pull back records where we are certain the UUIDs are the same record"
          },
          {
            "key": "stopExecution",
            "label": "Should this step be considered a success if no results are found?",
            "type": "string",
            "required": false,
            "list": false,
            "choices": {
              "true": "Yes",
              "false": "No"
            },
            "altersDynamicFields": false,
            "default": "false",
            "helpText": "If set to 'No', Zap exuction will be halted when no related UUIDs are found and any subsequent steps that rely on data from this step will not be run."
          }
        ],
        "sample": {
          "uuid": "02000201-0e13-4e08-a409-31561ba98a1a",
          "created_time": 1630333154,
          "ip": {
            "1630333154": "11.11.111.111"
          },
          "browser": "Chrome 92.0 MacOSX Desktop",
          "email": [
            "test@test.com"
          ],
          "related": [
            {
              "uuid": "02000201-0e19-4108-941a-79de9884fb1b",
              "created_time": 1629995099,
              "ip": {
                "1629995099": "11.11.111.111"
              },
              "browser": "Chrome 92.0 MacOSX Desktop",
              "email": [
                "test@test.com",
                "test2@test.com"
              ],
              "likeness": 65
            }
          ]
        }
      }
    }
  },
  "searches": {},
  "searchOrCreates": {}
}