{
  "version": "1.0.1",
  "platformVersion": "9.5.0",
  "triggers": {
    "new_leads": {
      "operation": {
        "perform": "$func$2$f$",
        "canPaginate": true,
        "type": "polling",
        "inputFields": [
          {
            "key": "triggerField",
            "type": "string",
            "label": "Field of significance",
            "helpText": "Select the field of significance to look out for. The Zap will fire if a UUID has a value for this field.",
            "default": "Email",
            "choices": [
              "Email",
              "Use Custom Option"
            ],
            "required": false,
            "list": false,
            "altersDynamicFields": true
          },
          "$func$2$f$"
        ]
      },
      "key": "new_leads",
      "noun": "Lead",
      "display": {
        "label": "New Lead",
        "description": "Triggers when a UUID is significant enough to be classified as a lead.",
        "hidden": false,
        "important": true
      }
    },
    "new_event": {
      "key": "new_event",
      "noun": "Event",
      "display": {
        "label": "New Event",
        "description": "Triggers when their is a new event on the provided UUID"
      },
      "operation": {
        "perform": "$func$2$f$",
        "inputFields": [
          {
            "key": "uuid",
            "type": "string",
            "label": "UUID",
            "helpText": "Provide the UUID to watch for events.",
            "required": true,
            "list": false,
            "altersDynamicFields": false
          }
        ],
        "sample": {
          "facebook-analytics-pageview": {
            "value": "https://google.com",
            "created_time": "1612405252",
            "history": []
          },
          "google-analytics-pageview": {
            "value": "https://google.com/search",
            "created_time": "1612405058",
            "history": {
              "1612405029": "https://google.com"
            }
          },
          "id": "20210204-0212-3442-4040-nhYrmqkTS427"
        }
      }
    }
  },
  "authentication": {
    "type": "custom",
    "test": "$func$2$f$",
    "fields": [
      {
        "computed": false,
        "key": "account_id",
        "required": true,
        "label": "Account Id",
        "type": "string",
        "helpText": "Your API information can be found by going to the API Keys section in your account https://dashboard.confection.io/my-keys/ "
      },
      {
        "computed": false,
        "key": "secret_key",
        "required": true,
        "label": "Secret Key",
        "type": "password"
      }
    ],
    "customConfig": {}
  },
  "creates": {
    "get_UUID_details": {
      "operation": {
        "perform": "$func$2$f$",
        "inputFields": [
          {
            "key": "uuid",
            "label": "UUID",
            "type": "string",
            "required": true,
            "list": false,
            "altersDynamicFields": false
          }
        ]
      },
      "key": "get_UUID_details",
      "noun": "UUID",
      "display": {
        "label": "Retrieve Full Details of UUID",
        "description": "Retrieve the full details of a specified UUID",
        "hidden": false,
        "important": true
      }
    },
    "get_related_uuids_js": {
      "key": "get_related_uuids_js",
      "noun": "Get_related_uuids.js",
      "display": {
        "label": "Get All Related UUIDs",
        "description": "Will retreive all UUIDs that have a likeness score of at least 50 with the provided UUID."
      },
      "operation": {
        "perform": "$func$2$f$",
        "inputFields": [
          {
            "key": "uuid",
            "label": "UUID",
            "type": "string",
            "required": true,
            "list": false,
            "altersDynamicFields": false
          },
          {
            "key": "likeness",
            "label": "Likeness Score",
            "type": "integer",
            "required": false,
            "list": false,
            "altersDynamicFields": false,
            "helpText": "Accepts values 50 to 100. 100 meaning only pull back records where we are certain the UUIDs are the same record"
          },
          {
            "key": "stopExecution",
            "label": "Should this step be considered a success if no results are found?",
            "type": "string",
            "required": false,
            "list": false,
            "choices": {
              "true": "Yes",
              "false": "No"
            },
            "altersDynamicFields": false,
            "default": "No",
            "helpText": "If set to 'No', Zap exuction will be halted when no related UUIDs are found"
          }
        ]
      }
    }
  },
  "searches": {},
  "searchOrCreates": {}
}